Date,Month,Year,MonthNo,Quarter,Day,MonthName,MonthEnd,WeekNo,DayName
01-Jul-20,Jul,2020,7,Q3,01,Jul'20,July 2020,27,Wed
02-Jul-20,Jul,2020,7,Q3,02,Jul'20,July 2020,27,Thu
03-Jul-20,Jul,2020,7,Q3,03,Jul'20,July 2020,27,Fri
04-Jul-20,Jul,2020,7,Q3,04,Jul'20,July 2020,27,Sat
05-Jul-20,Jul,2020,7,Q3,05,Jul'20,July 2020,28,Sun
06-Jul-20,Jul,2020,7,Q3,06,Jul'20,July 2020,28,Mon
07-Jul-20,Jul,2020,7,Q3,07,Jul'20,July 2020,28,Tue
08-Jul-20,Jul,2020,7,Q3,08,Jul'20,July 2020,28,Wed
09-Jul-20,Jul,2020,7,Q3,09,Jul'20,July 2020,28,Thu
10-Jul-20,Jul,2020,7,Q3,10,Jul'20,July 2020,28,Fri
11-Jul-20,Jul,2020,7,Q3,11,Jul'20,July 2020,28,Sat
12-Jul-20,Jul,2020,7,Q3,12,Jul'20,July 2020,29,Sun
13-Jul-20,Jul,2020,7,Q3,13,Jul'20,July 2020,29,Mon
14-Jul-20,Jul,2020,7,Q3,14,Jul'20,July 2020,29,Tue
15-Jul-20,Jul,2020,7,Q3,15,Jul'20,July 2020,29,Wed
16-Jul-20,Jul,2020,7,Q3,16,Jul'20,July 2020,29,Thu
17-Jul-20,Jul,2020,7,Q3,17,Jul'20,July 2020,29,Fri
18-Jul-20,Jul,2020,7,Q3,18,Jul'20,July 2020,29,Sat
19-Jul-20,Jul,2020,7,Q3,19,Jul'20,July 2020,30,Sun
20-Jul-20,Jul,2020,7,Q3,20,Jul'20,July 2020,30,Mon
21-Jul-20,Jul,2020,7,Q3,21,Jul'20,July 2020,30,Tue
22-Jul-20,Jul,2020,7,Q3,22,Jul'20,July 2020,30,Wed
23-Jul-20,Jul,2020,7,Q3,23,Jul'20,July 2020,30,Thu
24-Jul-20,Jul,2020,7,Q3,24,Jul'20,July 2020,30,Fri
25-Jul-20,Jul,2020,7,Q3,25,Jul'20,July 2020,30,Sat
26-Jul-20,Jul,2020,7,Q3,26,Jul'20,July 2020,31,Sun
27-Jul-20,Jul,2020,7,Q3,27,Jul'20,July 2020,31,Mon
28-Jul-20,Jul,2020,7,Q3,28,Jul'20,July 2020,31,Tue
29-Jul-20,Jul,2020,7,Q3,29,Jul'20,July 2020,31,Wed
30-Jul-20,Jul,2020,7,Q3,30,Jul'20,July 2020,31,Thu
31-Jul-20,Jul,2020,7,Q3,31,Jul'20,July 2020,31,Fri
01-Aug-20,Aug,2020,8,Q3,01,Aug'20,August 2020,31,Sat
02-Aug-20,Aug,2020,8,Q3,02,Aug'20,August 2020,32,Sun
03-Aug-20,Aug,2020,8,Q3,03,Aug'20,August 2020,32,Mon
04-Aug-20,Aug,2020,8,Q3,04,Aug'20,August 2020,32,Tue
05-Aug-20,Aug,2020,8,Q3,05,Aug'20,August 2020,32,Wed
06-Aug-20,Aug,2020,8,Q3,06,Aug'20,August 2020,32,Thu
07-Aug-20,Aug,2020,8,Q3,07,Aug'20,August 2020,32,Fri
08-Aug-20,Aug,2020,8,Q3,08,Aug'20,August 2020,32,Sat
09-Aug-20,Aug,2020,8,Q3,09,Aug'20,August 2020,33,Sun
10-Aug-20,Aug,2020,8,Q3,10,Aug'20,August 2020,33,Mon
11-Aug-20,Aug,2020,8,Q3,11,Aug'20,August 2020,33,Tue
12-Aug-20,Aug,2020,8,Q3,12,Aug'20,August 2020,33,Wed
13-Aug-20,Aug,2020,8,Q3,13,Aug'20,August 2020,33,Thu
14-Aug-20,Aug,2020,8,Q3,14,Aug'20,August 2020,33,Fri
15-Aug-20,Aug,2020,8,Q3,15,Aug'20,August 2020,33,Sat
16-Aug-20,Aug,2020,8,Q3,16,Aug'20,August 2020,34,Sun
17-Aug-20,Aug,2020,8,Q3,17,Aug'20,August 2020,34,Mon
18-Aug-20,Aug,2020,8,Q3,18,Aug'20,August 2020,34,Tue
19-Aug-20,Aug,2020,8,Q3,19,Aug'20,August 2020,34,Wed
20-Aug-20,Aug,2020,8,Q3,20,Aug'20,August 2020,34,Thu
21-Aug-20,Aug,2020,8,Q3,21,Aug'20,August 2020,34,Fri
22-Aug-20,Aug,2020,8,Q3,22,Aug'20,August 2020,34,Sat
23-Aug-20,Aug,2020,8,Q3,23,Aug'20,August 2020,35,Sun
24-Aug-20,Aug,2020,8,Q3,24,Aug'20,August 2020,35,Mon
25-Aug-20,Aug,2020,8,Q3,25,Aug'20,August 2020,35,Tue
26-Aug-20,Aug,2020,8,Q3,26,Aug'20,August 2020,35,Wed
27-Aug-20,Aug,2020,8,Q3,27,Aug'20,August 2020,35,Thu
28-Aug-20,Aug,2020,8,Q3,28,Aug'20,August 2020,35,Fri
29-Aug-20,Aug,2020,8,Q3,29,Aug'20,August 2020,35,Sat
30-Aug-20,Aug,2020,8,Q3,30,Aug'20,August 2020,36,Sun
31-Aug-20,Aug,2020,8,Q3,31,Aug'20,August 2020,36,Mon
01-Sep-20,Sep,2020,9,Q3,01,Sep'20,September 2020,36,Tue
02-Sep-20,Sep,2020,9,Q3,02,Sep'20,September 2020,36,Wed
03-Sep-20,Sep,2020,9,Q3,03,Sep'20,September 2020,36,Thu
04-Sep-20,Sep,2020,9,Q3,04,Sep'20,September 2020,36,Fri
05-Sep-20,Sep,2020,9,Q3,05,Sep'20,September 2020,36,Sat
06-Sep-20,Sep,2020,9,Q3,06,Sep'20,September 2020,37,Sun
07-Sep-20,Sep,2020,9,Q3,07,Sep'20,September 2020,37,Mon
08-Sep-20,Sep,2020,9,Q3,08,Sep'20,September 2020,37,Tue
09-Sep-20,Sep,2020,9,Q3,09,Sep'20,September 2020,37,Wed
10-Sep-20,Sep,2020,9,Q3,10,Sep'20,September 2020,37,Thu
11-Sep-20,Sep,2020,9,Q3,11,Sep'20,September 2020,37,Fri
12-Sep-20,Sep,2020,9,Q3,12,Sep'20,September 2020,37,Sat
13-Sep-20,Sep,2020,9,Q3,13,Sep'20,September 2020,38,Sun
14-Sep-20,Sep,2020,9,Q3,14,Sep'20,September 2020,38,Mon
15-Sep-20,Sep,2020,9,Q3,15,Sep'20,September 2020,38,Tue
16-Sep-20,Sep,2020,9,Q3,16,Sep'20,September 2020,38,Wed
17-Sep-20,Sep,2020,9,Q3,17,Sep'20,September 2020,38,Thu
18-Sep-20,Sep,2020,9,Q3,18,Sep'20,September 2020,38,Fri
19-Sep-20,Sep,2020,9,Q3,19,Sep'20,September 2020,38,Sat
20-Sep-20,Sep,2020,9,Q3,20,Sep'20,September 2020,39,Sun
21-Sep-20,Sep,2020,9,Q3,21,Sep'20,September 2020,39,Mon
22-Sep-20,Sep,2020,9,Q3,22,Sep'20,September 2020,39,Tue
23-Sep-20,Sep,2020,9,Q3,23,Sep'20,September 2020,39,Wed
24-Sep-20,Sep,2020,9,Q3,24,Sep'20,September 2020,39,Thu
25-Sep-20,Sep,2020,9,Q3,25,Sep'20,September 2020,39,Fri
26-Sep-20,Sep,2020,9,Q3,26,Sep'20,September 2020,39,Sat
27-Sep-20,Sep,2020,9,Q3,27,Sep'20,September 2020,40,Sun
28-Sep-20,Sep,2020,9,Q3,28,Sep'20,September 2020,40,Mon
29-Sep-20,Sep,2020,9,Q3,29,Sep'20,September 2020,40,Tue
30-Sep-20,Sep,2020,9,Q3,30,Sep'20,September 2020,40,Wed
01-Jul-21,Jul,2021,7,Q3,01,Jul'21,July 2021,27,Thu
02-Jul-21,Jul,2021,7,Q3,02,Jul'21,July 2021,27,Fri
03-Jul-21,Jul,2021,7,Q3,03,Jul'21,July 2021,27,Sat
04-Jul-21,Jul,2021,7,Q3,04,Jul'21,July 2021,28,Sun
05-Jul-21,Jul,2021,7,Q3,05,Jul'21,July 2021,28,Mon
06-Jul-21,Jul,2021,7,Q3,06,Jul'21,July 2021,28,Tue
07-Jul-21,Jul,2021,7,Q3,07,Jul'21,July 2021,28,Wed
08-Jul-21,Jul,2021,7,Q3,08,Jul'21,July 2021,28,Thu
09-Jul-21,Jul,2021,7,Q3,09,Jul'21,July 2021,28,Fri
10-Jul-21,Jul,2021,7,Q3,10,Jul'21,July 2021,28,Sat
11-Jul-21,Jul,2021,7,Q3,11,Jul'21,July 2021,29,Sun
12-Jul-21,Jul,2021,7,Q3,12,Jul'21,July 2021,29,Mon
13-Jul-21,Jul,2021,7,Q3,13,Jul'21,July 2021,29,Tue
14-Jul-21,Jul,2021,7,Q3,14,Jul'21,July 2021,29,Wed
15-Jul-21,Jul,2021,7,Q3,15,Jul'21,July 2021,29,Thu
16-Jul-21,Jul,2021,7,Q3,16,Jul'21,July 2021,29,Fri
17-Jul-21,Jul,2021,7,Q3,17,Jul'21,July 2021,29,Sat
18-Jul-21,Jul,2021,7,Q3,18,Jul'21,July 2021,30,Sun
19-Jul-21,Jul,2021,7,Q3,19,Jul'21,July 2021,30,Mon
20-Jul-21,Jul,2021,7,Q3,20,Jul'21,July 2021,30,Tue
21-Jul-21,Jul,2021,7,Q3,21,Jul'21,July 2021,30,Wed
22-Jul-21,Jul,2021,7,Q3,22,Jul'21,July 2021,30,Thu
23-Jul-21,Jul,2021,7,Q3,23,Jul'21,July 2021,30,Fri
24-Jul-21,Jul,2021,7,Q3,24,Jul'21,July 2021,30,Sat
25-Jul-21,Jul,2021,7,Q3,25,Jul'21,July 2021,31,Sun
26-Jul-21,Jul,2021,7,Q3,26,Jul'21,July 2021,31,Mon
27-Jul-21,Jul,2021,7,Q3,27,Jul'21,July 2021,31,Tue
28-Jul-21,Jul,2021,7,Q3,28,Jul'21,July 2021,31,Wed
29-Jul-21,Jul,2021,7,Q3,29,Jul'21,July 2021,31,Thu
30-Jul-21,Jul,2021,7,Q3,30,Jul'21,July 2021,31,Fri
31-Jul-21,Jul,2021,7,Q3,31,Jul'21,July 2021,31,Sat
01-Aug-21,Aug,2021,8,Q3,01,Aug'21,August 2021,32,Sun
02-Aug-21,Aug,2021,8,Q3,02,Aug'21,August 2021,32,Mon
03-Aug-21,Aug,2021,8,Q3,03,Aug'21,August 2021,32,Tue
04-Aug-21,Aug,2021,8,Q3,04,Aug'21,August 2021,32,Wed
05-Aug-21,Aug,2021,8,Q3,05,Aug'21,August 2021,32,Thu
06-Aug-21,Aug,2021,8,Q3,06,Aug'21,August 2021,32,Fri
07-Aug-21,Aug,2021,8,Q3,07,Aug'21,August 2021,32,Sat
08-Aug-21,Aug,2021,8,Q3,08,Aug'21,August 2021,33,Sun
09-Aug-21,Aug,2021,8,Q3,09,Aug'21,August 2021,33,Mon
10-Aug-21,Aug,2021,8,Q3,10,Aug'21,August 2021,33,Tue
11-Aug-21,Aug,2021,8,Q3,11,Aug'21,August 2021,33,Wed
12-Aug-21,Aug,2021,8,Q3,12,Aug'21,August 2021,33,Thu
13-Aug-21,Aug,2021,8,Q3,13,Aug'21,August 2021,33,Fri
14-Aug-21,Aug,2021,8,Q3,14,Aug'21,August 2021,33,Sat
15-Aug-21,Aug,2021,8,Q3,15,Aug'21,August 2021,34,Sun
16-Aug-21,Aug,2021,8,Q3,16,Aug'21,August 2021,34,Mon
17-Aug-21,Aug,2021,8,Q3,17,Aug'21,August 2021,34,Tue
18-Aug-21,Aug,2021,8,Q3,18,Aug'21,August 2021,34,Wed
19-Aug-21,Aug,2021,8,Q3,19,Aug'21,August 2021,34,Thu
20-Aug-21,Aug,2021,8,Q3,20,Aug'21,August 2021,34,Fri
21-Aug-21,Aug,2021,8,Q3,21,Aug'21,August 2021,34,Sat
22-Aug-21,Aug,2021,8,Q3,22,Aug'21,August 2021,35,Sun
23-Aug-21,Aug,2021,8,Q3,23,Aug'21,August 2021,35,Mon
24-Aug-21,Aug,2021,8,Q3,24,Aug'21,August 2021,35,Tue
25-Aug-21,Aug,2021,8,Q3,25,Aug'21,August 2021,35,Wed
26-Aug-21,Aug,2021,8,Q3,26,Aug'21,August 2021,35,Thu
27-Aug-21,Aug,2021,8,Q3,27,Aug'21,August 2021,35,Fri
28-Aug-21,Aug,2021,8,Q3,28,Aug'21,August 2021,35,Sat
29-Aug-21,Aug,2021,8,Q3,29,Aug'21,August 2021,36,Sun
30-Aug-21,Aug,2021,8,Q3,30,Aug'21,August 2021,36,Mon
31-Aug-21,Aug,2021,8,Q3,31,Aug'21,August 2021,36,Tue
01-Sep-21,Sep,2021,9,Q3,01,Sep'21,September 2021,36,Wed
02-Sep-21,Sep,2021,9,Q3,02,Sep'21,September 2021,36,Thu
03-Sep-21,Sep,2021,9,Q3,03,Sep'21,September 2021,36,Fri
04-Sep-21,Sep,2021,9,Q3,04,Sep'21,September 2021,36,Sat
05-Sep-21,Sep,2021,9,Q3,05,Sep'21,September 2021,37,Sun
06-Sep-21,Sep,2021,9,Q3,06,Sep'21,September 2021,37,Mon
07-Sep-21,Sep,2021,9,Q3,07,Sep'21,September 2021,37,Tue
08-Sep-21,Sep,2021,9,Q3,08,Sep'21,September 2021,37,Wed
09-Sep-21,Sep,2021,9,Q3,09,Sep'21,September 2021,37,Thu
10-Sep-21,Sep,2021,9,Q3,10,Sep'21,September 2021,37,Fri
11-Sep-21,Sep,2021,9,Q3,11,Sep'21,September 2021,37,Sat
12-Sep-21,Sep,2021,9,Q3,12,Sep'21,September 2021,38,Sun
13-Sep-21,Sep,2021,9,Q3,13,Sep'21,September 2021,38,Mon
14-Sep-21,Sep,2021,9,Q3,14,Sep'21,September 2021,38,Tue
15-Sep-21,Sep,2021,9,Q3,15,Sep'21,September 2021,38,Wed
16-Sep-21,Sep,2021,9,Q3,16,Sep'21,September 2021,38,Thu
17-Sep-21,Sep,2021,9,Q3,17,Sep'21,September 2021,38,Fri
18-Sep-21,Sep,2021,9,Q3,18,Sep'21,September 2021,38,Sat
19-Sep-21,Sep,2021,9,Q3,19,Sep'21,September 2021,39,Sun
20-Sep-21,Sep,2021,9,Q3,20,Sep'21,September 2021,39,Mon
21-Sep-21,Sep,2021,9,Q3,21,Sep'21,September 2021,39,Tue
22-Sep-21,Sep,2021,9,Q3,22,Sep'21,September 2021,39,Wed
23-Sep-21,Sep,2021,9,Q3,23,Sep'21,September 2021,39,Thu
24-Sep-21,Sep,2021,9,Q3,24,Sep'21,September 2021,39,Fri
25-Sep-21,Sep,2021,9,Q3,25,Sep'21,September 2021,39,Sat
26-Sep-21,Sep,2021,9,Q3,26,Sep'21,September 2021,40,Sun
27-Sep-21,Sep,2021,9,Q3,27,Sep'21,September 2021,40,Mon
28-Sep-21,Sep,2021,9,Q3,28,Sep'21,September 2021,40,Tue
29-Sep-21,Sep,2021,9,Q3,29,Sep'21,September 2021,40,Wed
30-Sep-21,Sep,2021,9,Q3,30,Sep'21,September 2021,40,Thu
01-Oct-20,Oct,2020,10,Q4,01,Oct'20,October 2020,40,Thu
02-Oct-20,Oct,2020,10,Q4,02,Oct'20,October 2020,40,Fri
03-Oct-20,Oct,2020,10,Q4,03,Oct'20,October 2020,40,Sat
04-Oct-20,Oct,2020,10,Q4,04,Oct'20,October 2020,41,Sun
05-Oct-20,Oct,2020,10,Q4,05,Oct'20,October 2020,41,Mon
06-Oct-20,Oct,2020,10,Q4,06,Oct'20,October 2020,41,Tue
07-Oct-20,Oct,2020,10,Q4,07,Oct'20,October 2020,41,Wed
08-Oct-20,Oct,2020,10,Q4,08,Oct'20,October 2020,41,Thu
09-Oct-20,Oct,2020,10,Q4,09,Oct'20,October 2020,41,Fri
10-Oct-20,Oct,2020,10,Q4,10,Oct'20,October 2020,41,Sat
11-Oct-20,Oct,2020,10,Q4,11,Oct'20,October 2020,42,Sun
12-Oct-20,Oct,2020,10,Q4,12,Oct'20,October 2020,42,Mon
13-Oct-20,Oct,2020,10,Q4,13,Oct'20,October 2020,42,Tue
14-Oct-20,Oct,2020,10,Q4,14,Oct'20,October 2020,42,Wed
15-Oct-20,Oct,2020,10,Q4,15,Oct'20,October 2020,42,Thu
16-Oct-20,Oct,2020,10,Q4,16,Oct'20,October 2020,42,Fri
17-Oct-20,Oct,2020,10,Q4,17,Oct'20,October 2020,42,Sat
18-Oct-20,Oct,2020,10,Q4,18,Oct'20,October 2020,43,Sun
19-Oct-20,Oct,2020,10,Q4,19,Oct'20,October 2020,43,Mon
20-Oct-20,Oct,2020,10,Q4,20,Oct'20,October 2020,43,Tue
21-Oct-20,Oct,2020,10,Q4,21,Oct'20,October 2020,43,Wed
22-Oct-20,Oct,2020,10,Q4,22,Oct'20,October 2020,43,Thu
23-Oct-20,Oct,2020,10,Q4,23,Oct'20,October 2020,43,Fri
24-Oct-20,Oct,2020,10,Q4,24,Oct'20,October 2020,43,Sat
25-Oct-20,Oct,2020,10,Q4,25,Oct'20,October 2020,44,Sun
26-Oct-20,Oct,2020,10,Q4,26,Oct'20,October 2020,44,Mon
27-Oct-20,Oct,2020,10,Q4,27,Oct'20,October 2020,44,Tue
28-Oct-20,Oct,2020,10,Q4,28,Oct'20,October 2020,44,Wed
29-Oct-20,Oct,2020,10,Q4,29,Oct'20,October 2020,44,Thu
30-Oct-20,Oct,2020,10,Q4,30,Oct'20,October 2020,44,Fri
31-Oct-20,Oct,2020,10,Q4,31,Oct'20,October 2020,44,Sat
01-Nov-20,Nov,2020,11,Q4,01,Nov'20,November 2020,45,Sun
02-Nov-20,Nov,2020,11,Q4,02,Nov'20,November 2020,45,Mon
03-Nov-20,Nov,2020,11,Q4,03,Nov'20,November 2020,45,Tue
04-Nov-20,Nov,2020,11,Q4,04,Nov'20,November 2020,45,Wed
05-Nov-20,Nov,2020,11,Q4,05,Nov'20,November 2020,45,Thu
06-Nov-20,Nov,2020,11,Q4,06,Nov'20,November 2020,45,Fri
07-Nov-20,Nov,2020,11,Q4,07,Nov'20,November 2020,45,Sat
08-Nov-20,Nov,2020,11,Q4,08,Nov'20,November 2020,46,Sun
09-Nov-20,Nov,2020,11,Q4,09,Nov'20,November 2020,46,Mon
10-Nov-20,Nov,2020,11,Q4,10,Nov'20,November 2020,46,Tue
11-Nov-20,Nov,2020,11,Q4,11,Nov'20,November 2020,46,Wed
12-Nov-20,Nov,2020,11,Q4,12,Nov'20,November 2020,46,Thu
13-Nov-20,Nov,2020,11,Q4,13,Nov'20,November 2020,46,Fri
14-Nov-20,Nov,2020,11,Q4,14,Nov'20,November 2020,46,Sat
15-Nov-20,Nov,2020,11,Q4,15,Nov'20,November 2020,47,Sun
16-Nov-20,Nov,2020,11,Q4,16,Nov'20,November 2020,47,Mon
17-Nov-20,Nov,2020,11,Q4,17,Nov'20,November 2020,47,Tue
18-Nov-20,Nov,2020,11,Q4,18,Nov'20,November 2020,47,Wed
19-Nov-20,Nov,2020,11,Q4,19,Nov'20,November 2020,47,Thu
20-Nov-20,Nov,2020,11,Q4,20,Nov'20,November 2020,47,Fri
21-Nov-20,Nov,2020,11,Q4,21,Nov'20,November 2020,47,Sat
22-Nov-20,Nov,2020,11,Q4,22,Nov'20,November 2020,48,Sun
23-Nov-20,Nov,2020,11,Q4,23,Nov'20,November 2020,48,Mon
24-Nov-20,Nov,2020,11,Q4,24,Nov'20,November 2020,48,Tue
25-Nov-20,Nov,2020,11,Q4,25,Nov'20,November 2020,48,Wed
26-Nov-20,Nov,2020,11,Q4,26,Nov'20,November 2020,48,Thu
27-Nov-20,Nov,2020,11,Q4,27,Nov'20,November 2020,48,Fri
28-Nov-20,Nov,2020,11,Q4,28,Nov'20,November 2020,48,Sat
29-Nov-20,Nov,2020,11,Q4,29,Nov'20,November 2020,49,Sun
30-Nov-20,Nov,2020,11,Q4,30,Nov'20,November 2020,49,Mon
01-Dec-20,Dec,2020,12,Q4,01,Dec'20,December 2020,49,Tue
02-Dec-20,Dec,2020,12,Q4,02,Dec'20,December 2020,49,Wed
03-Dec-20,Dec,2020,12,Q4,03,Dec'20,December 2020,49,Thu
04-Dec-20,Dec,2020,12,Q4,04,Dec'20,December 2020,49,Fri
05-Dec-20,Dec,2020,12,Q4,05,Dec'20,December 2020,49,Sat
06-Dec-20,Dec,2020,12,Q4,06,Dec'20,December 2020,50,Sun
07-Dec-20,Dec,2020,12,Q4,07,Dec'20,December 2020,50,Mon
08-Dec-20,Dec,2020,12,Q4,08,Dec'20,December 2020,50,Tue
09-Dec-20,Dec,2020,12,Q4,09,Dec'20,December 2020,50,Wed
10-Dec-20,Dec,2020,12,Q4,10,Dec'20,December 2020,50,Thu
11-Dec-20,Dec,2020,12,Q4,11,Dec'20,December 2020,50,Fri
12-Dec-20,Dec,2020,12,Q4,12,Dec'20,December 2020,50,Sat
13-Dec-20,Dec,2020,12,Q4,13,Dec'20,December 2020,51,Sun
14-Dec-20,Dec,2020,12,Q4,14,Dec'20,December 2020,51,Mon
15-Dec-20,Dec,2020,12,Q4,15,Dec'20,December 2020,51,Tue
16-Dec-20,Dec,2020,12,Q4,16,Dec'20,December 2020,51,Wed
17-Dec-20,Dec,2020,12,Q4,17,Dec'20,December 2020,51,Thu
18-Dec-20,Dec,2020,12,Q4,18,Dec'20,December 2020,51,Fri
19-Dec-20,Dec,2020,12,Q4,19,Dec'20,December 2020,51,Sat
20-Dec-20,Dec,2020,12,Q4,20,Dec'20,December 2020,52,Sun
21-Dec-20,Dec,2020,12,Q4,21,Dec'20,December 2020,52,Mon
22-Dec-20,Dec,2020,12,Q4,22,Dec'20,December 2020,52,Tue
23-Dec-20,Dec,2020,12,Q4,23,Dec'20,December 2020,52,Wed
24-Dec-20,Dec,2020,12,Q4,24,Dec'20,December 2020,52,Thu
25-Dec-20,Dec,2020,12,Q4,25,Dec'20,December 2020,52,Fri
26-Dec-20,Dec,2020,12,Q4,26,Dec'20,December 2020,52,Sat
27-Dec-20,Dec,2020,12,Q4,27,Dec'20,December 2020,53,Sun
28-Dec-20,Dec,2020,12,Q4,28,Dec'20,December 2020,53,Mon
29-Dec-20,Dec,2020,12,Q4,29,Dec'20,December 2020,53,Tue
30-Dec-20,Dec,2020,12,Q4,30,Dec'20,December 2020,53,Wed
31-Dec-20,Dec,2020,12,Q4,31,Dec'20,December 2020,53,Thu
01-Oct-21,Oct,2021,10,Q4,01,Oct'21,October 2021,40,Fri
02-Oct-21,Oct,2021,10,Q4,02,Oct'21,October 2021,40,Sat
03-Oct-21,Oct,2021,10,Q4,03,Oct'21,October 2021,41,Sun
04-Oct-21,Oct,2021,10,Q4,04,Oct'21,October 2021,41,Mon
05-Oct-21,Oct,2021,10,Q4,05,Oct'21,October 2021,41,Tue
06-Oct-21,Oct,2021,10,Q4,06,Oct'21,October 2021,41,Wed
07-Oct-21,Oct,2021,10,Q4,07,Oct'21,October 2021,41,Thu
08-Oct-21,Oct,2021,10,Q4,08,Oct'21,October 2021,41,Fri
09-Oct-21,Oct,2021,10,Q4,09,Oct'21,October 2021,41,Sat
10-Oct-21,Oct,2021,10,Q4,10,Oct'21,October 2021,42,Sun
11-Oct-21,Oct,2021,10,Q4,11,Oct'21,October 2021,42,Mon
12-Oct-21,Oct,2021,10,Q4,12,Oct'21,October 2021,42,Tue
13-Oct-21,Oct,2021,10,Q4,13,Oct'21,October 2021,42,Wed
14-Oct-21,Oct,2021,10,Q4,14,Oct'21,October 2021,42,Thu
15-Oct-21,Oct,2021,10,Q4,15,Oct'21,October 2021,42,Fri
16-Oct-21,Oct,2021,10,Q4,16,Oct'21,October 2021,42,Sat
17-Oct-21,Oct,2021,10,Q4,17,Oct'21,October 2021,43,Sun
18-Oct-21,Oct,2021,10,Q4,18,Oct'21,October 2021,43,Mon
19-Oct-21,Oct,2021,10,Q4,19,Oct'21,October 2021,43,Tue
20-Oct-21,Oct,2021,10,Q4,20,Oct'21,October 2021,43,Wed
21-Oct-21,Oct,2021,10,Q4,21,Oct'21,October 2021,43,Thu
22-Oct-21,Oct,2021,10,Q4,22,Oct'21,October 2021,43,Fri
23-Oct-21,Oct,2021,10,Q4,23,Oct'21,October 2021,43,Sat
24-Oct-21,Oct,2021,10,Q4,24,Oct'21,October 2021,44,Sun
25-Oct-21,Oct,2021,10,Q4,25,Oct'21,October 2021,44,Mon
26-Oct-21,Oct,2021,10,Q4,26,Oct'21,October 2021,44,Tue
27-Oct-21,Oct,2021,10,Q4,27,Oct'21,October 2021,44,Wed
28-Oct-21,Oct,2021,10,Q4,28,Oct'21,October 2021,44,Thu
29-Oct-21,Oct,2021,10,Q4,29,Oct'21,October 2021,44,Fri
30-Oct-21,Oct,2021,10,Q4,30,Oct'21,October 2021,44,Sat
31-Oct-21,Oct,2021,10,Q4,31,Oct'21,October 2021,45,Sun
01-Nov-21,Nov,2021,11,Q4,01,Nov'21,November 2021,45,Mon
02-Nov-21,Nov,2021,11,Q4,02,Nov'21,November 2021,45,Tue
03-Nov-21,Nov,2021,11,Q4,03,Nov'21,November 2021,45,Wed
04-Nov-21,Nov,2021,11,Q4,04,Nov'21,November 2021,45,Thu
05-Nov-21,Nov,2021,11,Q4,05,Nov'21,November 2021,45,Fri
06-Nov-21,Nov,2021,11,Q4,06,Nov'21,November 2021,45,Sat
07-Nov-21,Nov,2021,11,Q4,07,Nov'21,November 2021,46,Sun
08-Nov-21,Nov,2021,11,Q4,08,Nov'21,November 2021,46,Mon
09-Nov-21,Nov,2021,11,Q4,09,Nov'21,November 2021,46,Tue
10-Nov-21,Nov,2021,11,Q4,10,Nov'21,November 2021,46,Wed
11-Nov-21,Nov,2021,11,Q4,11,Nov'21,November 2021,46,Thu
12-Nov-21,Nov,2021,11,Q4,12,Nov'21,November 2021,46,Fri
13-Nov-21,Nov,2021,11,Q4,13,Nov'21,November 2021,46,Sat
14-Nov-21,Nov,2021,11,Q4,14,Nov'21,November 2021,47,Sun
15-Nov-21,Nov,2021,11,Q4,15,Nov'21,November 2021,47,Mon
16-Nov-21,Nov,2021,11,Q4,16,Nov'21,November 2021,47,Tue
17-Nov-21,Nov,2021,11,Q4,17,Nov'21,November 2021,47,Wed
18-Nov-21,Nov,2021,11,Q4,18,Nov'21,November 2021,47,Thu
19-Nov-21,Nov,2021,11,Q4,19,Nov'21,November 2021,47,Fri
20-Nov-21,Nov,2021,11,Q4,20,Nov'21,November 2021,47,Sat
21-Nov-21,Nov,2021,11,Q4,21,Nov'21,November 2021,48,Sun
22-Nov-21,Nov,2021,11,Q4,22,Nov'21,November 2021,48,Mon
23-Nov-21,Nov,2021,11,Q4,23,Nov'21,November 2021,48,Tue
24-Nov-21,Nov,2021,11,Q4,24,Nov'21,November 2021,48,Wed
25-Nov-21,Nov,2021,11,Q4,25,Nov'21,November 2021,48,Thu
26-Nov-21,Nov,2021,11,Q4,26,Nov'21,November 2021,48,Fri
27-Nov-21,Nov,2021,11,Q4,27,Nov'21,November 2021,48,Sat
28-Nov-21,Nov,2021,11,Q4,28,Nov'21,November 2021,49,Sun
29-Nov-21,Nov,2021,11,Q4,29,Nov'21,November 2021,49,Mon
30-Nov-21,Nov,2021,11,Q4,30,Nov'21,November 2021,49,Tue
01-Dec-21,Dec,2021,12,Q4,01,Dec'21,December 2021,49,Wed
02-Dec-21,Dec,2021,12,Q4,02,Dec'21,December 2021,49,Thu
03-Dec-21,Dec,2021,12,Q4,03,Dec'21,December 2021,49,Fri
04-Dec-21,Dec,2021,12,Q4,04,Dec'21,December 2021,49,Sat
05-Dec-21,Dec,2021,12,Q4,05,Dec'21,December 2021,50,Sun
06-Dec-21,Dec,2021,12,Q4,06,Dec'21,December 2021,50,Mon
07-Dec-21,Dec,2021,12,Q4,07,Dec'21,December 2021,50,Tue
08-Dec-21,Dec,2021,12,Q4,08,Dec'21,December 2021,50,Wed
09-Dec-21,Dec,2021,12,Q4,09,Dec'21,December 2021,50,Thu
10-Dec-21,Dec,2021,12,Q4,10,Dec'21,December 2021,50,Fri
11-Dec-21,Dec,2021,12,Q4,11,Dec'21,December 2021,50,Sat
12-Dec-21,Dec,2021,12,Q4,12,Dec'21,December 2021,51,Sun
13-Dec-21,Dec,2021,12,Q4,13,Dec'21,December 2021,51,Mon
14-Dec-21,Dec,2021,12,Q4,14,Dec'21,December 2021,51,Tue
15-Dec-21,Dec,2021,12,Q4,15,Dec'21,December 2021,51,Wed
16-Dec-21,Dec,2021,12,Q4,16,Dec'21,December 2021,51,Thu
17-Dec-21,Dec,2021,12,Q4,17,Dec'21,December 2021,51,Fri
18-Dec-21,Dec,2021,12,Q4,18,Dec'21,December 2021,51,Sat
19-Dec-21,Dec,2021,12,Q4,19,Dec'21,December 2021,52,Sun
20-Dec-21,Dec,2021,12,Q4,20,Dec'21,December 2021,52,Mon
21-Dec-21,Dec,2021,12,Q4,21,Dec'21,December 2021,52,Tue
22-Dec-21,Dec,2021,12,Q4,22,Dec'21,December 2021,52,Wed
23-Dec-21,Dec,2021,12,Q4,23,Dec'21,December 2021,52,Thu
24-Dec-21,Dec,2021,12,Q4,24,Dec'21,December 2021,52,Fri
25-Dec-21,Dec,2021,12,Q4,25,Dec'21,December 2021,52,Sat
26-Dec-21,Dec,2021,12,Q4,26,Dec'21,December 2021,53,Sun
27-Dec-21,Dec,2021,12,Q4,27,Dec'21,December 2021,53,Mon
28-Dec-21,Dec,2021,12,Q4,28,Dec'21,December 2021,53,Tue
29-Dec-21,Dec,2021,12,Q4,29,Dec'21,December 2021,53,Wed
30-Dec-21,Dec,2021,12,Q4,30,Dec'21,December 2021,53,Thu
31-Dec-21,Dec,2021,12,Q4,31,Dec'21,December 2021,53,Fri
01-Jan-20,Jan,2020,1,Q1,01,Jan'20,January 2020,1,Wed
02-Jan-20,Jan,2020,1,Q1,02,Jan'20,January 2020,1,Thu
03-Jan-20,Jan,2020,1,Q1,03,Jan'20,January 2020,1,Fri
04-Jan-20,Jan,2020,1,Q1,04,Jan'20,January 2020,1,Sat
05-Jan-20,Jan,2020,1,Q1,05,Jan'20,January 2020,2,Sun
06-Jan-20,Jan,2020,1,Q1,06,Jan'20,January 2020,2,Mon
07-Jan-20,Jan,2020,1,Q1,07,Jan'20,January 2020,2,Tue
08-Jan-20,Jan,2020,1,Q1,08,Jan'20,January 2020,2,Wed
09-Jan-20,Jan,2020,1,Q1,09,Jan'20,January 2020,2,Thu
10-Jan-20,Jan,2020,1,Q1,10,Jan'20,January 2020,2,Fri
11-Jan-20,Jan,2020,1,Q1,11,Jan'20,January 2020,2,Sat
12-Jan-20,Jan,2020,1,Q1,12,Jan'20,January 2020,3,Sun
13-Jan-20,Jan,2020,1,Q1,13,Jan'20,January 2020,3,Mon
14-Jan-20,Jan,2020,1,Q1,14,Jan'20,January 2020,3,Tue
15-Jan-20,Jan,2020,1,Q1,15,Jan'20,January 2020,3,Wed
16-Jan-20,Jan,2020,1,Q1,16,Jan'20,January 2020,3,Thu
17-Jan-20,Jan,2020,1,Q1,17,Jan'20,January 2020,3,Fri
18-Jan-20,Jan,2020,1,Q1,18,Jan'20,January 2020,3,Sat
19-Jan-20,Jan,2020,1,Q1,19,Jan'20,January 2020,4,Sun
20-Jan-20,Jan,2020,1,Q1,20,Jan'20,January 2020,4,Mon
21-Jan-20,Jan,2020,1,Q1,21,Jan'20,January 2020,4,Tue
22-Jan-20,Jan,2020,1,Q1,22,Jan'20,January 2020,4,Wed
23-Jan-20,Jan,2020,1,Q1,23,Jan'20,January 2020,4,Thu
24-Jan-20,Jan,2020,1,Q1,24,Jan'20,January 2020,4,Fri
25-Jan-20,Jan,2020,1,Q1,25,Jan'20,January 2020,4,Sat
26-Jan-20,Jan,2020,1,Q1,26,Jan'20,January 2020,5,Sun
27-Jan-20,Jan,2020,1,Q1,27,Jan'20,January 2020,5,Mon
28-Jan-20,Jan,2020,1,Q1,28,Jan'20,January 2020,5,Tue
29-Jan-20,Jan,2020,1,Q1,29,Jan'20,January 2020,5,Wed
30-Jan-20,Jan,2020,1,Q1,30,Jan'20,January 2020,5,Thu
31-Jan-20,Jan,2020,1,Q1,31,Jan'20,January 2020,5,Fri
01-Feb-20,Feb,2020,2,Q1,01,Feb'20,February 2020,5,Sat
02-Feb-20,Feb,2020,2,Q1,02,Feb'20,February 2020,6,Sun
03-Feb-20,Feb,2020,2,Q1,03,Feb'20,February 2020,6,Mon
04-Feb-20,Feb,2020,2,Q1,04,Feb'20,February 2020,6,Tue
05-Feb-20,Feb,2020,2,Q1,05,Feb'20,February 2020,6,Wed
06-Feb-20,Feb,2020,2,Q1,06,Feb'20,February 2020,6,Thu
07-Feb-20,Feb,2020,2,Q1,07,Feb'20,February 2020,6,Fri
08-Feb-20,Feb,2020,2,Q1,08,Feb'20,February 2020,6,Sat
09-Feb-20,Feb,2020,2,Q1,09,Feb'20,February 2020,7,Sun
10-Feb-20,Feb,2020,2,Q1,10,Feb'20,February 2020,7,Mon
11-Feb-20,Feb,2020,2,Q1,11,Feb'20,February 2020,7,Tue
12-Feb-20,Feb,2020,2,Q1,12,Feb'20,February 2020,7,Wed
13-Feb-20,Feb,2020,2,Q1,13,Feb'20,February 2020,7,Thu
14-Feb-20,Feb,2020,2,Q1,14,Feb'20,February 2020,7,Fri
15-Feb-20,Feb,2020,2,Q1,15,Feb'20,February 2020,7,Sat
16-Feb-20,Feb,2020,2,Q1,16,Feb'20,February 2020,8,Sun
17-Feb-20,Feb,2020,2,Q1,17,Feb'20,February 2020,8,Mon
18-Feb-20,Feb,2020,2,Q1,18,Feb'20,February 2020,8,Tue
19-Feb-20,Feb,2020,2,Q1,19,Feb'20,February 2020,8,Wed
20-Feb-20,Feb,2020,2,Q1,20,Feb'20,February 2020,8,Thu
21-Feb-20,Feb,2020,2,Q1,21,Feb'20,February 2020,8,Fri
22-Feb-20,Feb,2020,2,Q1,22,Feb'20,February 2020,8,Sat
23-Feb-20,Feb,2020,2,Q1,23,Feb'20,February 2020,9,Sun
24-Feb-20,Feb,2020,2,Q1,24,Feb'20,February 2020,9,Mon
25-Feb-20,Feb,2020,2,Q1,25,Feb'20,February 2020,9,Tue
26-Feb-20,Feb,2020,2,Q1,26,Feb'20,February 2020,9,Wed
27-Feb-20,Feb,2020,2,Q1,27,Feb'20,February 2020,9,Thu
28-Feb-20,Feb,2020,2,Q1,28,Feb'20,February 2020,9,Fri
29-Feb-20,Feb,2020,2,Q1,29,Feb'20,February 2020,9,Sat
01-Mar-20,Mar,2020,3,Q1,01,Mar'20,March 2020,10,Sun
02-Mar-20,Mar,2020,3,Q1,02,Mar'20,March 2020,10,Mon
03-Mar-20,Mar,2020,3,Q1,03,Mar'20,March 2020,10,Tue
04-Mar-20,Mar,2020,3,Q1,04,Mar'20,March 2020,10,Wed
05-Mar-20,Mar,2020,3,Q1,05,Mar'20,March 2020,10,Thu
06-Mar-20,Mar,2020,3,Q1,06,Mar'20,March 2020,10,Fri
07-Mar-20,Mar,2020,3,Q1,07,Mar'20,March 2020,10,Sat
08-Mar-20,Mar,2020,3,Q1,08,Mar'20,March 2020,11,Sun
09-Mar-20,Mar,2020,3,Q1,09,Mar'20,March 2020,11,Mon
10-Mar-20,Mar,2020,3,Q1,10,Mar'20,March 2020,11,Tue
11-Mar-20,Mar,2020,3,Q1,11,Mar'20,March 2020,11,Wed
12-Mar-20,Mar,2020,3,Q1,12,Mar'20,March 2020,11,Thu
13-Mar-20,Mar,2020,3,Q1,13,Mar'20,March 2020,11,Fri
14-Mar-20,Mar,2020,3,Q1,14,Mar'20,March 2020,11,Sat
15-Mar-20,Mar,2020,3,Q1,15,Mar'20,March 2020,12,Sun
16-Mar-20,Mar,2020,3,Q1,16,Mar'20,March 2020,12,Mon
17-Mar-20,Mar,2020,3,Q1,17,Mar'20,March 2020,12,Tue
18-Mar-20,Mar,2020,3,Q1,18,Mar'20,March 2020,12,Wed
19-Mar-20,Mar,2020,3,Q1,19,Mar'20,March 2020,12,Thu
20-Mar-20,Mar,2020,3,Q1,20,Mar'20,March 2020,12,Fri
21-Mar-20,Mar,2020,3,Q1,21,Mar'20,March 2020,12,Sat
22-Mar-20,Mar,2020,3,Q1,22,Mar'20,March 2020,13,Sun
23-Mar-20,Mar,2020,3,Q1,23,Mar'20,March 2020,13,Mon
24-Mar-20,Mar,2020,3,Q1,24,Mar'20,March 2020,13,Tue
25-Mar-20,Mar,2020,3,Q1,25,Mar'20,March 2020,13,Wed
26-Mar-20,Mar,2020,3,Q1,26,Mar'20,March 2020,13,Thu
27-Mar-20,Mar,2020,3,Q1,27,Mar'20,March 2020,13,Fri
28-Mar-20,Mar,2020,3,Q1,28,Mar'20,March 2020,13,Sat
29-Mar-20,Mar,2020,3,Q1,29,Mar'20,March 2020,14,Sun
30-Mar-20,Mar,2020,3,Q1,30,Mar'20,March 2020,14,Mon
31-Mar-20,Mar,2020,3,Q1,31,Mar'20,March 2020,14,Tue
01-Jan-21,Jan,2021,1,Q1,01,Jan'21,January 2021,1,Fri
02-Jan-21,Jan,2021,1,Q1,02,Jan'21,January 2021,1,Sat
03-Jan-21,Jan,2021,1,Q1,03,Jan'21,January 2021,2,Sun
04-Jan-21,Jan,2021,1,Q1,04,Jan'21,January 2021,2,Mon
05-Jan-21,Jan,2021,1,Q1,05,Jan'21,January 2021,2,Tue
06-Jan-21,Jan,2021,1,Q1,06,Jan'21,January 2021,2,Wed
07-Jan-21,Jan,2021,1,Q1,07,Jan'21,January 2021,2,Thu
08-Jan-21,Jan,2021,1,Q1,08,Jan'21,January 2021,2,Fri
09-Jan-21,Jan,2021,1,Q1,09,Jan'21,January 2021,2,Sat
10-Jan-21,Jan,2021,1,Q1,10,Jan'21,January 2021,3,Sun
11-Jan-21,Jan,2021,1,Q1,11,Jan'21,January 2021,3,Mon
12-Jan-21,Jan,2021,1,Q1,12,Jan'21,January 2021,3,Tue
13-Jan-21,Jan,2021,1,Q1,13,Jan'21,January 2021,3,Wed
14-Jan-21,Jan,2021,1,Q1,14,Jan'21,January 2021,3,Thu
15-Jan-21,Jan,2021,1,Q1,15,Jan'21,January 2021,3,Fri
16-Jan-21,Jan,2021,1,Q1,16,Jan'21,January 2021,3,Sat
17-Jan-21,Jan,2021,1,Q1,17,Jan'21,January 2021,4,Sun
18-Jan-21,Jan,2021,1,Q1,18,Jan'21,January 2021,4,Mon
19-Jan-21,Jan,2021,1,Q1,19,Jan'21,January 2021,4,Tue
20-Jan-21,Jan,2021,1,Q1,20,Jan'21,January 2021,4,Wed
21-Jan-21,Jan,2021,1,Q1,21,Jan'21,January 2021,4,Thu
22-Jan-21,Jan,2021,1,Q1,22,Jan'21,January 2021,4,Fri
23-Jan-21,Jan,2021,1,Q1,23,Jan'21,January 2021,4,Sat
24-Jan-21,Jan,2021,1,Q1,24,Jan'21,January 2021,5,Sun
25-Jan-21,Jan,2021,1,Q1,25,Jan'21,January 2021,5,Mon
26-Jan-21,Jan,2021,1,Q1,26,Jan'21,January 2021,5,Tue
27-Jan-21,Jan,2021,1,Q1,27,Jan'21,January 2021,5,Wed
28-Jan-21,Jan,2021,1,Q1,28,Jan'21,January 2021,5,Thu
29-Jan-21,Jan,2021,1,Q1,29,Jan'21,January 2021,5,Fri
30-Jan-21,Jan,2021,1,Q1,30,Jan'21,January 2021,5,Sat
31-Jan-21,Jan,2021,1,Q1,31,Jan'21,January 2021,6,Sun
01-Feb-21,Feb,2021,2,Q1,01,Feb'21,February 2021,6,Mon
02-Feb-21,Feb,2021,2,Q1,02,Feb'21,February 2021,6,Tue
03-Feb-21,Feb,2021,2,Q1,03,Feb'21,February 2021,6,Wed
04-Feb-21,Feb,2021,2,Q1,04,Feb'21,February 2021,6,Thu
05-Feb-21,Feb,2021,2,Q1,05,Feb'21,February 2021,6,Fri
06-Feb-21,Feb,2021,2,Q1,06,Feb'21,February 2021,6,Sat
07-Feb-21,Feb,2021,2,Q1,07,Feb'21,February 2021,7,Sun
08-Feb-21,Feb,2021,2,Q1,08,Feb'21,February 2021,7,Mon
09-Feb-21,Feb,2021,2,Q1,09,Feb'21,February 2021,7,Tue
10-Feb-21,Feb,2021,2,Q1,10,Feb'21,February 2021,7,Wed
11-Feb-21,Feb,2021,2,Q1,11,Feb'21,February 2021,7,Thu
12-Feb-21,Feb,2021,2,Q1,12,Feb'21,February 2021,7,Fri
13-Feb-21,Feb,2021,2,Q1,13,Feb'21,February 2021,7,Sat
14-Feb-21,Feb,2021,2,Q1,14,Feb'21,February 2021,8,Sun
15-Feb-21,Feb,2021,2,Q1,15,Feb'21,February 2021,8,Mon
16-Feb-21,Feb,2021,2,Q1,16,Feb'21,February 2021,8,Tue
17-Feb-21,Feb,2021,2,Q1,17,Feb'21,February 2021,8,Wed
18-Feb-21,Feb,2021,2,Q1,18,Feb'21,February 2021,8,Thu
19-Feb-21,Feb,2021,2,Q1,19,Feb'21,February 2021,8,Fri
20-Feb-21,Feb,2021,2,Q1,20,Feb'21,February 2021,8,Sat
21-Feb-21,Feb,2021,2,Q1,21,Feb'21,February 2021,9,Sun
22-Feb-21,Feb,2021,2,Q1,22,Feb'21,February 2021,9,Mon
23-Feb-21,Feb,2021,2,Q1,23,Feb'21,February 2021,9,Tue
24-Feb-21,Feb,2021,2,Q1,24,Feb'21,February 2021,9,Wed
25-Feb-21,Feb,2021,2,Q1,25,Feb'21,February 2021,9,Thu
26-Feb-21,Feb,2021,2,Q1,26,Feb'21,February 2021,9,Fri
27-Feb-21,Feb,2021,2,Q1,27,Feb'21,February 2021,9,Sat
28-Feb-21,Feb,2021,2,Q1,28,Feb'21,February 2021,10,Sun
01-Mar-21,Mar,2021,3,Q1,01,Mar'21,March 2021,10,Mon
02-Mar-21,Mar,2021,3,Q1,02,Mar'21,March 2021,10,Tue
03-Mar-21,Mar,2021,3,Q1,03,Mar'21,March 2021,10,Wed
04-Mar-21,Mar,2021,3,Q1,04,Mar'21,March 2021,10,Thu
05-Mar-21,Mar,2021,3,Q1,05,Mar'21,March 2021,10,Fri
06-Mar-21,Mar,2021,3,Q1,06,Mar'21,March 2021,10,Sat
07-Mar-21,Mar,2021,3,Q1,07,Mar'21,March 2021,11,Sun
08-Mar-21,Mar,2021,3,Q1,08,Mar'21,March 2021,11,Mon
09-Mar-21,Mar,2021,3,Q1,09,Mar'21,March 2021,11,Tue
10-Mar-21,Mar,2021,3,Q1,10,Mar'21,March 2021,11,Wed
11-Mar-21,Mar,2021,3,Q1,11,Mar'21,March 2021,11,Thu
12-Mar-21,Mar,2021,3,Q1,12,Mar'21,March 2021,11,Fri
13-Mar-21,Mar,2021,3,Q1,13,Mar'21,March 2021,11,Sat
14-Mar-21,Mar,2021,3,Q1,14,Mar'21,March 2021,12,Sun
15-Mar-21,Mar,2021,3,Q1,15,Mar'21,March 2021,12,Mon
16-Mar-21,Mar,2021,3,Q1,16,Mar'21,March 2021,12,Tue
17-Mar-21,Mar,2021,3,Q1,17,Mar'21,March 2021,12,Wed
18-Mar-21,Mar,2021,3,Q1,18,Mar'21,March 2021,12,Thu
19-Mar-21,Mar,2021,3,Q1,19,Mar'21,March 2021,12,Fri
20-Mar-21,Mar,2021,3,Q1,20,Mar'21,March 2021,12,Sat
21-Mar-21,Mar,2021,3,Q1,21,Mar'21,March 2021,13,Sun
22-Mar-21,Mar,2021,3,Q1,22,Mar'21,March 2021,13,Mon
23-Mar-21,Mar,2021,3,Q1,23,Mar'21,March 2021,13,Tue
24-Mar-21,Mar,2021,3,Q1,24,Mar'21,March 2021,13,Wed
25-Mar-21,Mar,2021,3,Q1,25,Mar'21,March 2021,13,Thu
26-Mar-21,Mar,2021,3,Q1,26,Mar'21,March 2021,13,Fri
27-Mar-21,Mar,2021,3,Q1,27,Mar'21,March 2021,13,Sat
28-Mar-21,Mar,2021,3,Q1,28,Mar'21,March 2021,14,Sun
29-Mar-21,Mar,2021,3,Q1,29,Mar'21,March 2021,14,Mon
30-Mar-21,Mar,2021,3,Q1,30,Mar'21,March 2021,14,Tue
31-Mar-21,Mar,2021,3,Q1,31,Mar'21,March 2021,14,Wed
01-Apr-20,Apr,2020,4,Q2,01,Apr'20,April 2020,14,Wed
02-Apr-20,Apr,2020,4,Q2,02,Apr'20,April 2020,14,Thu
03-Apr-20,Apr,2020,4,Q2,03,Apr'20,April 2020,14,Fri
04-Apr-20,Apr,2020,4,Q2,04,Apr'20,April 2020,14,Sat
05-Apr-20,Apr,2020,4,Q2,05,Apr'20,April 2020,15,Sun
06-Apr-20,Apr,2020,4,Q2,06,Apr'20,April 2020,15,Mon
07-Apr-20,Apr,2020,4,Q2,07,Apr'20,April 2020,15,Tue
08-Apr-20,Apr,2020,4,Q2,08,Apr'20,April 2020,15,Wed
09-Apr-20,Apr,2020,4,Q2,09,Apr'20,April 2020,15,Thu
10-Apr-20,Apr,2020,4,Q2,10,Apr'20,April 2020,15,Fri
11-Apr-20,Apr,2020,4,Q2,11,Apr'20,April 2020,15,Sat
12-Apr-20,Apr,2020,4,Q2,12,Apr'20,April 2020,16,Sun
13-Apr-20,Apr,2020,4,Q2,13,Apr'20,April 2020,16,Mon
14-Apr-20,Apr,2020,4,Q2,14,Apr'20,April 2020,16,Tue
15-Apr-20,Apr,2020,4,Q2,15,Apr'20,April 2020,16,Wed
16-Apr-20,Apr,2020,4,Q2,16,Apr'20,April 2020,16,Thu
17-Apr-20,Apr,2020,4,Q2,17,Apr'20,April 2020,16,Fri
18-Apr-20,Apr,2020,4,Q2,18,Apr'20,April 2020,16,Sat
19-Apr-20,Apr,2020,4,Q2,19,Apr'20,April 2020,17,Sun
20-Apr-20,Apr,2020,4,Q2,20,Apr'20,April 2020,17,Mon
21-Apr-20,Apr,2020,4,Q2,21,Apr'20,April 2020,17,Tue
22-Apr-20,Apr,2020,4,Q2,22,Apr'20,April 2020,17,Wed
23-Apr-20,Apr,2020,4,Q2,23,Apr'20,April 2020,17,Thu
24-Apr-20,Apr,2020,4,Q2,24,Apr'20,April 2020,17,Fri
25-Apr-20,Apr,2020,4,Q2,25,Apr'20,April 2020,17,Sat
26-Apr-20,Apr,2020,4,Q2,26,Apr'20,April 2020,18,Sun
27-Apr-20,Apr,2020,4,Q2,27,Apr'20,April 2020,18,Mon
28-Apr-20,Apr,2020,4,Q2,28,Apr'20,April 2020,18,Tue
29-Apr-20,Apr,2020,4,Q2,29,Apr'20,April 2020,18,Wed
30-Apr-20,Apr,2020,4,Q2,30,Apr'20,April 2020,18,Thu
01-May-20,May,2020,5,Q2,01,May'20,May 2020,18,Fri
02-May-20,May,2020,5,Q2,02,May'20,May 2020,18,Sat
03-May-20,May,2020,5,Q2,03,May'20,May 2020,19,Sun
04-May-20,May,2020,5,Q2,04,May'20,May 2020,19,Mon
05-May-20,May,2020,5,Q2,05,May'20,May 2020,19,Tue
06-May-20,May,2020,5,Q2,06,May'20,May 2020,19,Wed
07-May-20,May,2020,5,Q2,07,May'20,May 2020,19,Thu
08-May-20,May,2020,5,Q2,08,May'20,May 2020,19,Fri
09-May-20,May,2020,5,Q2,09,May'20,May 2020,19,Sat
10-May-20,May,2020,5,Q2,10,May'20,May 2020,20,Sun
11-May-20,May,2020,5,Q2,11,May'20,May 2020,20,Mon
12-May-20,May,2020,5,Q2,12,May'20,May 2020,20,Tue
13-May-20,May,2020,5,Q2,13,May'20,May 2020,20,Wed
14-May-20,May,2020,5,Q2,14,May'20,May 2020,20,Thu
15-May-20,May,2020,5,Q2,15,May'20,May 2020,20,Fri
16-May-20,May,2020,5,Q2,16,May'20,May 2020,20,Sat
17-May-20,May,2020,5,Q2,17,May'20,May 2020,21,Sun
18-May-20,May,2020,5,Q2,18,May'20,May 2020,21,Mon
19-May-20,May,2020,5,Q2,19,May'20,May 2020,21,Tue
20-May-20,May,2020,5,Q2,20,May'20,May 2020,21,Wed
21-May-20,May,2020,5,Q2,21,May'20,May 2020,21,Thu
22-May-20,May,2020,5,Q2,22,May'20,May 2020,21,Fri
23-May-20,May,2020,5,Q2,23,May'20,May 2020,21,Sat
24-May-20,May,2020,5,Q2,24,May'20,May 2020,22,Sun
25-May-20,May,2020,5,Q2,25,May'20,May 2020,22,Mon
26-May-20,May,2020,5,Q2,26,May'20,May 2020,22,Tue
27-May-20,May,2020,5,Q2,27,May'20,May 2020,22,Wed
28-May-20,May,2020,5,Q2,28,May'20,May 2020,22,Thu
29-May-20,May,2020,5,Q2,29,May'20,May 2020,22,Fri
30-May-20,May,2020,5,Q2,30,May'20,May 2020,22,Sat
31-May-20,May,2020,5,Q2,31,May'20,May 2020,23,Sun
01-Jun-20,Jun,2020,6,Q2,01,Jun'20,June 2020,23,Mon
02-Jun-20,Jun,2020,6,Q2,02,Jun'20,June 2020,23,Tue
03-Jun-20,Jun,2020,6,Q2,03,Jun'20,June 2020,23,Wed
04-Jun-20,Jun,2020,6,Q2,04,Jun'20,June 2020,23,Thu
05-Jun-20,Jun,2020,6,Q2,05,Jun'20,June 2020,23,Fri
06-Jun-20,Jun,2020,6,Q2,06,Jun'20,June 2020,23,Sat
07-Jun-20,Jun,2020,6,Q2,07,Jun'20,June 2020,24,Sun
08-Jun-20,Jun,2020,6,Q2,08,Jun'20,June 2020,24,Mon
09-Jun-20,Jun,2020,6,Q2,09,Jun'20,June 2020,24,Tue
10-Jun-20,Jun,2020,6,Q2,10,Jun'20,June 2020,24,Wed
11-Jun-20,Jun,2020,6,Q2,11,Jun'20,June 2020,24,Thu
12-Jun-20,Jun,2020,6,Q2,12,Jun'20,June 2020,24,Fri
13-Jun-20,Jun,2020,6,Q2,13,Jun'20,June 2020,24,Sat
14-Jun-20,Jun,2020,6,Q2,14,Jun'20,June 2020,25,Sun
15-Jun-20,Jun,2020,6,Q2,15,Jun'20,June 2020,25,Mon
16-Jun-20,Jun,2020,6,Q2,16,Jun'20,June 2020,25,Tue
17-Jun-20,Jun,2020,6,Q2,17,Jun'20,June 2020,25,Wed
18-Jun-20,Jun,2020,6,Q2,18,Jun'20,June 2020,25,Thu
19-Jun-20,Jun,2020,6,Q2,19,Jun'20,June 2020,25,Fri
20-Jun-20,Jun,2020,6,Q2,20,Jun'20,June 2020,25,Sat
21-Jun-20,Jun,2020,6,Q2,21,Jun'20,June 2020,26,Sun
22-Jun-20,Jun,2020,6,Q2,22,Jun'20,June 2020,26,Mon
23-Jun-20,Jun,2020,6,Q2,23,Jun'20,June 2020,26,Tue
24-Jun-20,Jun,2020,6,Q2,24,Jun'20,June 2020,26,Wed
25-Jun-20,Jun,2020,6,Q2,25,Jun'20,June 2020,26,Thu
26-Jun-20,Jun,2020,6,Q2,26,Jun'20,June 2020,26,Fri
27-Jun-20,Jun,2020,6,Q2,27,Jun'20,June 2020,26,Sat
28-Jun-20,Jun,2020,6,Q2,28,Jun'20,June 2020,27,Sun
29-Jun-20,Jun,2020,6,Q2,29,Jun'20,June 2020,27,Mon
30-Jun-20,Jun,2020,6,Q2,30,Jun'20,June 2020,27,Tue
01-Apr-21,Apr,2021,4,Q2,01,Apr'21,April 2021,14,Thu
02-Apr-21,Apr,2021,4,Q2,02,Apr'21,April 2021,14,Fri
03-Apr-21,Apr,2021,4,Q2,03,Apr'21,April 2021,14,Sat
04-Apr-21,Apr,2021,4,Q2,04,Apr'21,April 2021,15,Sun
05-Apr-21,Apr,2021,4,Q2,05,Apr'21,April 2021,15,Mon
06-Apr-21,Apr,2021,4,Q2,06,Apr'21,April 2021,15,Tue
07-Apr-21,Apr,2021,4,Q2,07,Apr'21,April 2021,15,Wed
08-Apr-21,Apr,2021,4,Q2,08,Apr'21,April 2021,15,Thu
09-Apr-21,Apr,2021,4,Q2,09,Apr'21,April 2021,15,Fri
10-Apr-21,Apr,2021,4,Q2,10,Apr'21,April 2021,15,Sat
11-Apr-21,Apr,2021,4,Q2,11,Apr'21,April 2021,16,Sun
12-Apr-21,Apr,2021,4,Q2,12,Apr'21,April 2021,16,Mon
13-Apr-21,Apr,2021,4,Q2,13,Apr'21,April 2021,16,Tue
14-Apr-21,Apr,2021,4,Q2,14,Apr'21,April 2021,16,Wed
15-Apr-21,Apr,2021,4,Q2,15,Apr'21,April 2021,16,Thu
16-Apr-21,Apr,2021,4,Q2,16,Apr'21,April 2021,16,Fri
17-Apr-21,Apr,2021,4,Q2,17,Apr'21,April 2021,16,Sat
18-Apr-21,Apr,2021,4,Q2,18,Apr'21,April 2021,17,Sun
19-Apr-21,Apr,2021,4,Q2,19,Apr'21,April 2021,17,Mon
20-Apr-21,Apr,2021,4,Q2,20,Apr'21,April 2021,17,Tue
21-Apr-21,Apr,2021,4,Q2,21,Apr'21,April 2021,17,Wed
22-Apr-21,Apr,2021,4,Q2,22,Apr'21,April 2021,17,Thu
23-Apr-21,Apr,2021,4,Q2,23,Apr'21,April 2021,17,Fri
24-Apr-21,Apr,2021,4,Q2,24,Apr'21,April 2021,17,Sat
25-Apr-21,Apr,2021,4,Q2,25,Apr'21,April 2021,18,Sun
26-Apr-21,Apr,2021,4,Q2,26,Apr'21,April 2021,18,Mon
27-Apr-21,Apr,2021,4,Q2,27,Apr'21,April 2021,18,Tue
28-Apr-21,Apr,2021,4,Q2,28,Apr'21,April 2021,18,Wed
29-Apr-21,Apr,2021,4,Q2,29,Apr'21,April 2021,18,Thu
30-Apr-21,Apr,2021,4,Q2,30,Apr'21,April 2021,18,Fri
01-May-21,May,2021,5,Q2,01,May'21,May 2021,18,Sat
02-May-21,May,2021,5,Q2,02,May'21,May 2021,19,Sun
03-May-21,May,2021,5,Q2,03,May'21,May 2021,19,Mon
04-May-21,May,2021,5,Q2,04,May'21,May 2021,19,Tue
05-May-21,May,2021,5,Q2,05,May'21,May 2021,19,Wed
06-May-21,May,2021,5,Q2,06,May'21,May 2021,19,Thu
07-May-21,May,2021,5,Q2,07,May'21,May 2021,19,Fri
08-May-21,May,2021,5,Q2,08,May'21,May 2021,19,Sat
09-May-21,May,2021,5,Q2,09,May'21,May 2021,20,Sun
10-May-21,May,2021,5,Q2,10,May'21,May 2021,20,Mon
11-May-21,May,2021,5,Q2,11,May'21,May 2021,20,Tue
12-May-21,May,2021,5,Q2,12,May'21,May 2021,20,Wed
13-May-21,May,2021,5,Q2,13,May'21,May 2021,20,Thu
14-May-21,May,2021,5,Q2,14,May'21,May 2021,20,Fri
15-May-21,May,2021,5,Q2,15,May'21,May 2021,20,Sat
16-May-21,May,2021,5,Q2,16,May'21,May 2021,21,Sun
17-May-21,May,2021,5,Q2,17,May'21,May 2021,21,Mon
18-May-21,May,2021,5,Q2,18,May'21,May 2021,21,Tue
19-May-21,May,2021,5,Q2,19,May'21,May 2021,21,Wed
20-May-21,May,2021,5,Q2,20,May'21,May 2021,21,Thu
21-May-21,May,2021,5,Q2,21,May'21,May 2021,21,Fri
22-May-21,May,2021,5,Q2,22,May'21,May 2021,21,Sat
23-May-21,May,2021,5,Q2,23,May'21,May 2021,22,Sun
24-May-21,May,2021,5,Q2,24,May'21,May 2021,22,Mon
25-May-21,May,2021,5,Q2,25,May'21,May 2021,22,Tue
26-May-21,May,2021,5,Q2,26,May'21,May 2021,22,Wed
27-May-21,May,2021,5,Q2,27,May'21,May 2021,22,Thu
28-May-21,May,2021,5,Q2,28,May'21,May 2021,22,Fri
29-May-21,May,2021,5,Q2,29,May'21,May 2021,22,Sat
30-May-21,May,2021,5,Q2,30,May'21,May 2021,23,Sun
31-May-21,May,2021,5,Q2,31,May'21,May 2021,23,Mon
01-Jun-21,Jun,2021,6,Q2,01,Jun'21,June 2021,23,Tue
02-Jun-21,Jun,2021,6,Q2,02,Jun'21,June 2021,23,Wed
03-Jun-21,Jun,2021,6,Q2,03,Jun'21,June 2021,23,Thu
04-Jun-21,Jun,2021,6,Q2,04,Jun'21,June 2021,23,Fri
05-Jun-21,Jun,2021,6,Q2,05,Jun'21,June 2021,23,Sat
06-Jun-21,Jun,2021,6,Q2,06,Jun'21,June 2021,24,Sun
07-Jun-21,Jun,2021,6,Q2,07,Jun'21,June 2021,24,Mon
08-Jun-21,Jun,2021,6,Q2,08,Jun'21,June 2021,24,Tue
09-Jun-21,Jun,2021,6,Q2,09,Jun'21,June 2021,24,Wed
10-Jun-21,Jun,2021,6,Q2,10,Jun'21,June 2021,24,Thu
11-Jun-21,Jun,2021,6,Q2,11,Jun'21,June 2021,24,Fri
12-Jun-21,Jun,2021,6,Q2,12,Jun'21,June 2021,24,Sat
13-Jun-21,Jun,2021,6,Q2,13,Jun'21,June 2021,25,Sun
14-Jun-21,Jun,2021,6,Q2,14,Jun'21,June 2021,25,Mon
15-Jun-21,Jun,2021,6,Q2,15,Jun'21,June 2021,25,Tue
16-Jun-21,Jun,2021,6,Q2,16,Jun'21,June 2021,25,Wed
17-Jun-21,Jun,2021,6,Q2,17,Jun'21,June 2021,25,Thu
18-Jun-21,Jun,2021,6,Q2,18,Jun'21,June 2021,25,Fri
19-Jun-21,Jun,2021,6,Q2,19,Jun'21,June 2021,25,Sat
20-Jun-21,Jun,2021,6,Q2,20,Jun'21,June 2021,26,Sun
21-Jun-21,Jun,2021,6,Q2,21,Jun'21,June 2021,26,Mon
22-Jun-21,Jun,2021,6,Q2,22,Jun'21,June 2021,26,Tue
23-Jun-21,Jun,2021,6,Q2,23,Jun'21,June 2021,26,Wed
24-Jun-21,Jun,2021,6,Q2,24,Jun'21,June 2021,26,Thu
25-Jun-21,Jun,2021,6,Q2,25,Jun'21,June 2021,26,Fri
26-Jun-21,Jun,2021,6,Q2,26,Jun'21,June 2021,26,Sat
27-Jun-21,Jun,2021,6,Q2,27,Jun'21,June 2021,27,Sun
28-Jun-21,Jun,2021,6,Q2,28,Jun'21,June 2021,27,Mon
29-Jun-21,Jun,2021,6,Q2,29,Jun'21,June 2021,27,Tue
30-Jun-21,Jun,2021,6,Q2,30,Jun'21,June 2021,27,Wed
